uid,Baseline (single-pass CoT),Self-consistency (matched compute),+ Code sandbox,+ Agentic correction (same-model critic),+ Agentic correction (cross-model critic),+ Learned verifier,+ Retrieval (RAG),Full framework
2025_P1_English_Chemistry_MCQ-Single_q3_MCQ-Single_page23,0.375,0.0,0.5,0.625,0.375,0.0,1.0,1.0
2025_P1_English_Mathematics_MCQ-Single_q1_MCQ-Single_page1,0.125,0.0,0.375,0.625,0.5,1.0,0.0,0.0
2025_P1_English_Mathematics_MCQ-Single_q3_MCQ-Single_page2,1.0,1.0,0.875,1.0,0.875,1.0,1.0,1.0
2025_P1_English_Mathematics_Numerical_q3_Numerical_page5,0.25,1.0,0.125,0.125,0.125,0.0,1.0,1.0
2025_P1_English_Mathematics_Numerical_q4_Numerical_page6,0.3125,0.0,1.0,1.0,1.0,1.0,1.0,1.0
2025_P1_English_Physics_MCQ-Multiple_q2_MCQ-Multiple_page14,0.875,1.0,1.0,1.0,1.0,1.0,1.0,1.0
2025_P1_English_Physics_MCQ-Single_q4_MCQ-Single_page12,0.3125,0.0,0.125,0.125,0.125,0.0,0.0,0.0
2025_P1_English_Physics_Matching_q1_Matching_page20,0.6875,1.0,0.625,0.75,0.75,1.0,1.0,1.0
2025_P1_English_Physics_Matching_q3_Matching_page22,0.125,0.0,0.875,0.875,0.875,1.0,1.0,1.0
2025_P1_English_Physics_Numerical_q4_Numerical_page17,0.125,0.0,1.0,1.0,1.0,1.0,1.0,1.0
2025_P1_Hindi_Chemistry_MCQ-Single_q3_MCQ-Single_page28,0.0,0.0,0.0,0.0,0.0,0.0,0.0,0.0
2025_P1_Hindi_Mathematics_MCQ-Single_q1_MCQ-Single_page1,0.25,0.0,0.25,0.5,0.375,0.0,1.0,1.0
2025_P1_Hindi_Mathematics_MCQ-Single_q3_MCQ-Single_page2,0.6875,1.0,0.875,1.0,0.875,1.0,1.0,1.0
2025_P1_Hindi_Mathematics_Numerical_q3_Numerical_page8,0.1875,0.0,0.125,0.125,0.125,0.0,0.0,0.0
2025_P1_Hindi_Mathematics_Numerical_q4_Numerical_page8,0.5,1.0,0.75,0.75,0.75,1.0,1.0,1.0
2025_P1_Hindi_Physics_MCQ-Multiple_q2_MCQ-Multiple_page19,1.0,1.0,1.0,1.0,1.0,1.0,1.0,1.0
2025_P1_Hindi_Physics_MCQ-Single_q4_MCQ-Single_page17,0.25,0.0,0.125,0.125,0.125,0.0,0.0,0.0
2025_P1_Hindi_Physics_Matching_q1_Matching_page25,0.1875,0.0,0.25,0.25,0.25,1.0,0.0,0.0
2025_P1_Hindi_Physics_Matching_q3_Matching_page27,0.25,0.0,0.125,0.125,0.125,0.0,1.0,1.0
2025_P1_Hindi_Physics_Numerical_q4_Numerical_page22,0.0,0.0,0.5,0.625,0.5,1.0,1.0,1.0
2025_P2_English_Chemistry_Numerical_q2_Numerical_page20,0.0625,0.0,0.0,0.0,0.0,0.0,0.0,0.0
2025_P2_English_Chemistry_Numerical_q6_Numerical_page21,0.75,1.0,0.875,0.625,1.0,1.0,1.0,1.0
2025_P2_English_Mathematics_Numerical_q1_Numerical_page5,0.0,0.0,1.0,1.0,1.0,1.0,1.0,1.0
2025_P2_English_Physics_MCQ-Multiple_q1_MCQ-Multiple_page10,0.3125,0.0,0.375,0.375,0.375,1.0,1.0,1.0
2025_P2_English_Physics_MCQ-Multiple_q2_MCQ-Multiple_page11,0.0,0.0,0.0,0.0,0.0,0.0,0.0,0.0
2025_P2_English_Physics_MCQ-Multiple_q3_MCQ-Multiple_page11,0.0625,0.0,0.25,0.375,0.125,0.0,0.0,0.0
2025_P2_English_Physics_MCQ-Single_q3_MCQ-Single_page9,0.9375,1.0,1.0,1.0,1.0,1.0,1.0,1.0
2025_P2_English_Physics_Numerical_q1_Numerical_page13,0.0,0.0,0.125,0.125,0.25,0.0,0.0,0.0
2025_P2_English_Physics_Numerical_q3_Numerical_page14,0.5625,1.0,0.5,0.75,0.75,1.0,1.0,1.0
2025_P2_English_Physics_Numerical_q6_Numerical_page15,0.0,0.0,0.0,0.0,0.0,0.0,0.0,0.0
2025_P2_Hindi_Chemistry_Numerical_q2_Numerical_page23,0.25,1.0,0.375,0.5,0.625,1.0,1.0,1.0
2025_P2_Hindi_Chemistry_Numerical_q6_Numerical_page24,0.4375,1.0,0.5,0.75,0.5,1.0,1.0,1.0
2025_P2_Hindi_Mathematics_Numerical_q1_Numerical_page6,0.0,0.0,0.0,0.0,0.0,0.0,0.0,0.0
2025_P2_Hindi_Physics_MCQ-Multiple_q1_MCQ-Multiple_page12,0.3125,1.0,0.125,0.125,0.125,0.0,0.0,0.0
2025_P2_Hindi_Physics_MCQ-Multiple_q2_MCQ-Multiple_page13,0.0,0.0,0.0,0.0,0.0,0.0,0.0,0.0
2025_P2_Hindi_Physics_MCQ-Multiple_q3_MCQ-Multiple_page14,0.0625,0.0,0.375,0.5,0.0,0.0,1.0,1.0
2025_P2_Hindi_Physics_MCQ-Single_q3_MCQ-Single_page11,0.5,1.0,0.375,0.5,0.625,1.0,1.0,1.0
2025_P2_Hindi_Physics_Numerical_q1_Numerical_page15,0.0,0.0,0.0,0.0,0.0,0.0,0.0,0.0
2025_P2_Hindi_Physics_Numerical_q3_Numerical_page16,0.0625,0.0,0.125,0.375,0.125,0.0,0.0,0.0
2025_P2_Hindi_Physics_Numerical_q6_Numerical_page17,0.0,0.0,0.0,0.0,0.0,0.0,0.0,0.0
